,Year,SOU_Text_trust,SOU_Text_fear,SOU_Text_negative,SOU_Text_sadness,SOU_Text_anger,SOU_Text_surprise,SOU_Text_positive,SOU_Text_disgust,SOU_Text_joy,SOU_Text_anticipation,Lyrics_Text_trust,Lyrics_Text_fear,Lyrics_Text_negative,Lyrics_Text_sadness,Lyrics_Text_anger,Lyrics_Text_surprise,Lyrics_Text_positive,Lyrics_Text_disgust,Lyrics_Text_joy,Lyrics_Text_anticipation,Headline_Text_trust,Headline_Text_fear,Headline_Text_negative,Headline_Text_sadness,Headline_Text_anger,Headline_Text_surprise,Headline_Text_positive,Headline_Text_disgust,Headline_Text_joy,Headline_Text_anticipation
0,1950,0.42789223454833597,0.13787638668779714,0.16323296354992076,0.07290015847860538,0.06339144215530904,0.06497622820919176,0.6798732171156894,0.0554675118858954,0.19968304278922344,0.22979397781299524,0.2621145374449339,0.16299559471365638,0.2621145374449339,0.23348017621145375,0.09030837004405286,0.12555066079295155,0.6167400881057269,0.10572687224669604,0.40969162995594716,0.22246696035242292,0.30624290578887625,0.22366628830874008,0.3500567536889898,0.12741203178206584,0.18269012485811578,0.07849035187287173,0.43541430192962544,0.0507377979568672,0.1101589103291714,0.23961407491486947
1,1951,0.3425925925925926,0.2638888888888889,0.2361111111111111,0.06712962962962964,0.19907407407407407,0.07175925925925926,0.6134259259259259,0.04861111111111111,0.1574074074074074,0.22916666666666666,0.23061430010070494,0.1379657603222558,0.3076535750251762,0.1309164149043303,0.36555891238670696,0.27794561933534745,0.3826787512588117,0.148539778449144,0.19133937562940584,0.18882175226586104,0.3100368157402378,0.2367674572997767,0.360854608002897,0.13326090892630815,0.19964994869937835,0.07332971211298207,0.42911461162411735,0.056853159514756474,0.11467197778984851,0.23368942000120707
2,1952,0.34335443037974683,0.22943037974683544,0.24525316455696203,0.08227848101265822,0.1629746835443038,0.08702531645569621,0.5981012658227848,0.07278481012658228,0.1661392405063291,0.254746835443038,0.22758620689655173,0.17586206896551723,0.41379310344827586,0.2517241379310345,0.16551724137931034,0.1724137931034483,0.46551724137931033,0.11379310344827587,0.28620689655172415,0.32068965517241377,0.3263858093126386,0.2253405131453912,0.35318340196388975,0.1343680709534368,0.19005384859043395,0.07906240101362053,0.43725055432372506,0.05600253405131454,0.12283813747228381,0.22686094393411466
3,1953,0.4276243093922652,0.16574585635359115,0.21878453038674034,0.06408839779005525,0.09171270718232044,0.0718232044198895,0.5977900552486188,0.03867403314917127,0.16132596685082873,0.20331491712707184,0.2920080979465921,0.15010122433240142,0.302323339438928,0.1445097850187988,0.12011954111635978,0.10912947074134773,0.5593367396124554,0.08512484334329509,0.21517400944760437,0.2236575725441049,0.32567663817663817,0.2174738841405508,0.34716286799620133,0.14061016144349478,0.1908831908831909,0.0754985754985755,0.4408831908831909,0.05478395061728395,0.12375356125356125,0.2361111111111111
4,1954,0.40024479804161567,0.1701346389228886,0.20685434516523868,0.08078335373317014,0.08935128518971848,0.06119951040391677,0.602203182374541,0.042839657282741736,0.14687882496940025,0.22766217870257038,0.24367088607594936,0.23734177215189872,0.310126582278481,0.25949367088607594,0.16455696202531644,0.12974683544303797,0.5189873417721519,0.08227848101265822,0.39556962025316456,0.22784810126582278,0.32539737149934633,0.19927062547306132,0.3444574416844423,0.1395444849652515,0.1795912750292438,0.07899263744581297,0.44092754420972957,0.05036812770935113,0.11711277781600496,0.24427165760682584
5,1955,0.4137254901960784,0.17450980392156862,0.20098039215686275,0.07647058823529412,0.08529411764705883,0.059803921568627454,0.6480392156862745,0.045098039215686274,0.17647058823529413,0.24411764705882352,0.19911504424778761,0.168141592920354,0.3112094395280236,0.18584070796460178,0.1224188790560472,0.11061946902654868,0.5486725663716814,0.08702064896755163,0.3023598820058997,0.2536873156342183,0.3224469377545916,0.2051025512756378,0.3253769742013864,0.13027942542699922,0.16265275494890302,0.07946830558136211,0.45665689987851066,0.04580861859501179,0.1224898163367398,0.23390266561852355
6,1956,,,,,,,,,,,0.2552083333333333,0.17083333333333334,0.27291666666666664,0.203125,0.13958333333333334,0.11979166666666667,0.5770833333333333,0.12291666666666666,0.40520833333333334,0.22916666666666666,0.31490588434797356,0.20875021197218924,0.33514216268158953,0.13051834266010967,0.1721779435871347,0.07659261771522242,0.4424283534000339,0.045955570629133455,0.1103385902436267,0.22932564580860323
7,1957,0.43902439024390244,0.16135084427767354,0.21388367729831145,0.058161350844277676,0.08630393996247655,0.06191369606003752,0.600375234521576,0.06941838649155722,0.15384615384615385,0.18761726078799248,0.23356401384083045,0.18771626297577854,0.2768166089965398,0.24567474048442905,0.14619377162629757,0.13667820069204153,0.5467128027681661,0.10726643598615918,0.44809688581314877,0.25259515570934254,0.31811304441802657,0.2072841240678699,0.3165459850859181,0.12352750459310494,0.16940451745379878,0.07721819950286393,0.44639576353615046,0.04614719550416081,0.1076948016859397,0.22808818761482763
8,1958,0.36378205128205127,0.1955128205128205,0.19391025641025642,0.0641025641025641,0.11378205128205128,0.06570512820512821,0.6362179487179487,0.04487179487179487,0.1778846153846154,0.20512820512820512,0.2481060606060606,0.16571969696969696,0.3210227272727273,0.20265151515151514,0.13352272727272727,0.11174242424242424,0.5577651515151515,0.09943181818181818,0.4081439393939394,0.2206439393939394,0.31033511686848775,0.20008448324415656,0.3273021684032667,0.13066741762883693,0.16988172345818078,0.0816671360180231,0.44557871022247253,0.04716981132075472,0.11440439312869614,0.2392283863700366
9,1959,0.38449612403100775,0.17364341085271318,0.18449612403100776,0.06201550387596899,0.07286821705426356,0.04961240310077519,0.6046511627906976,0.06046511627906977,0.16124031007751938,0.22015503875968992,0.20196604110813227,0.18453976764968721,0.306076854334227,0.19794459338695264,0.14745308310991956,0.13360142984807863,0.5084897229669347,0.11394101876675604,0.35969615728328863,0.25335120643431636,0.3163613123135918,0.182005396960659,0.3148700468683426,0.1217866780286891,0.15672489703167164,0.08585428206220708,0.46129811106376933,0.04438290015622781,0.12455617099843772,0.24705297542962648
10,1960,0.4107402031930334,0.14804063860667635,0.20029027576197386,0.08127721335268505,0.09288824383164006,0.06531204644412192,0.6081277213352685,0.047895500725689405,0.17561683599419448,0.20609579100145137,0.2838939857288481,0.1636085626911315,0.26146788990825687,0.1763506625891947,0.13914373088685014,0.1783893985728848,0.5922528032619776,0.10142711518858308,0.46075433231396534,0.2884811416921509,0.31884851804515857,0.19408435274785465,0.3259692045523705,0.12738116974012537,0.16627107297182156,0.07771894589495466,0.4613839693262735,0.04497596007546711,0.11721745481102794,0.22439291582983384
11,1961,0.34210526315789475,0.17647058823529413,0.25541795665634676,0.08978328173374613,0.10681114551083591,0.05417956656346749,0.5789473684210527,0.06811145510835913,0.14086687306501547,0.22136222910216719,0.25616797900262467,0.12808398950131233,0.30498687664041996,0.25196850393700787,0.13490813648293964,0.12860892388451445,0.5275590551181102,0.09553805774278215,0.4330708661417323,0.27244094488188975,0.3067993366500829,0.20514710398624164,0.32811252380074934,0.11854308703396597,0.1784288434371353,0.07223143541551502,0.45052515201768933,0.04704870708187458,0.11602481420060193,0.23548922056384744
12,1962,0.3859416445623342,0.16047745358090185,0.22546419098143236,0.08090185676392574,0.08753315649867374,0.06763925729442971,0.6007957559681698,0.05305039787798409,0.16976127320954906,0.24005305039787797,0.246588693957115,0.16130604288499026,0.2378167641325536,0.1949317738791423,0.18567251461988304,0.20955165692007796,0.5696881091617934,0.09015594541910331,0.43859649122807015,0.2573099415204678,0.3044513342929908,0.2061233528955819,0.34270844867677996,0.13160225888605914,0.1823164655076957,0.07485328313586535,0.42287675783412687,0.045676004872107184,0.10192669693278707,0.22467057911637692
13,1963,0.3793103448275862,0.17398119122257052,0.26802507836990597,0.13009404388714735,0.10658307210031348,0.07366771159874608,0.5595611285266457,0.05329153605015674,0.1786833855799373,0.24294670846394983,0.22067975107707036,0.14265198659645764,0.2809956917185256,0.22786022020105315,0.14552417424605074,0.14265198659645764,0.5461943513642892,0.09382479655337482,0.4337003350885591,0.22450933460986117,0.29918562201628757,0.20702049985959,0.3540016849199663,0.13951137320977253,0.1834316203313676,0.07481044650379107,0.43291210334175795,0.04830103903397922,0.10502667789946644,0.2280258354394833
14,1964,0.3247863247863248,0.1737891737891738,0.2621082621082621,0.14245014245014245,0.1168091168091168,0.09116809116809117,0.5612535612535613,0.1111111111111111,0.1623931623931624,0.22792022792022792,0.21399363925488415,0.1635620172648796,0.2562471603816447,0.19809177646524306,0.13312130849613812,0.1226715129486597,0.6010904134484325,0.09995456610631531,0.5056792367105861,0.24307133121308497,0.31244143675169184,0.2100989068193649,0.33690786048932847,0.12555960437272254,0.18011452368558042,0.07610619469026549,0.4471629359708485,0.04570536179073399,0.1137948984903696,0.24081207704320667
15,1965,0.3798165137614679,0.14495412844036698,0.22385321100917432,0.09908256880733946,0.08990825688073395,0.07339449541284404,0.6220183486238532,0.07522935779816514,0.21284403669724772,0.23302752293577983,0.19376391982182628,0.16258351893095768,0.267260579064588,0.16971046770601336,0.13630289532293988,0.14387527839643652,0.5670378619153675,0.10155902004454342,0.4383073496659243,0.23429844097995545,0.3016918822189686,0.21945664551813893,0.3522856678054335,0.1403123474865788,0.19269562388156825,0.07955100048804295,0.4232959167073369,0.052627297868879125,0.11420204978038068,0.2375142345859769
16,1966,0.391304347826087,0.22061191626409019,0.30112721417069244,0.10789049919484701,0.15458937198067632,0.07085346215780998,0.5603864734299517,0.06602254428341385,0.1723027375201288,0.20933977455716588,0.2366018261214768,0.14410480349344978,0.3259229853116316,0.18816990869392616,0.14807463279079,0.18023025009924573,0.48392219134577213,0.12703453751488686,0.36562127828503377,0.29614926558158,0.3155939709979284,0.23115936852632332,0.3554539609972141,0.15343953139509964,0.18037002643045932,0.07529109222087292,0.430745053218087,0.05471819415672548,0.11207943424530324,0.2297306950496464
17,1967,0.40843214756258234,0.14492753623188406,0.25559947299077734,0.08695652173913043,0.11067193675889328,0.0764163372859025,0.5744400527009222,0.057971014492753624,0.19499341238471674,0.2437417654808959,0.23061470470068302,0.15347529128163923,0.24989955805544395,0.1566894335074327,0.11410204901566895,0.11932503013258337,0.607874648453194,0.10204901566894335,0.4853354760948172,0.2482924869425472,0.30029020925614786,0.24637238429815184,0.3697876890178708,0.1441118069344738,0.19993890331449518,0.07438521460210784,0.41003513059416524,0.06170765235985948,0.09996945165724759,0.21643500840079424
18,1968,0.414,0.17,0.258,0.076,0.084,0.064,0.558,0.086,0.154,0.19,0.22170022371364653,0.25033557046979865,0.3530201342281879,0.18926174496644296,0.187248322147651,0.14205816554809844,0.48322147651006714,0.13646532438478748,0.3243847874720358,0.26420581655480985,0.3067058727436086,0.23744180347953933,0.36477987421383645,0.13648615535407987,0.20681205586865964,0.08241444090500694,0.4208935718369681,0.05717552887364208,0.11337090582373602,0.22339295924201585
19,1969,0.45323741007194246,0.1079136690647482,0.22062350119904076,0.06474820143884892,0.08872901678657075,0.08633093525179857,0.5491606714628298,0.10311750599520383,0.17266187050359713,0.23501199040767387,0.2496345029239766,0.14912280701754385,0.26206140350877194,0.1684941520467836,0.12353801169590643,0.12134502923976608,0.6206140350877193,0.09466374269005848,0.4828216374269006,0.25548245614035087,0.3149736147757256,0.2270778364116095,0.3473779683377309,0.1390996042216359,0.1879122691292876,0.07181728232189974,0.42562664907651715,0.05870712401055409,0.10982849604221635,0.229221635883905
20,1970,0.3369098712446352,0.13090128755364808,0.2446351931330472,0.08583690987124463,0.08369098712446352,0.06652360515021459,0.5708154506437768,0.10300429184549356,0.18669527896995708,0.2017167381974249,0.20723809523809525,0.18552380952380954,0.29104761904761905,0.22323809523809524,0.13066666666666665,0.11085714285714286,0.5184761904761904,0.13523809523809524,0.3923809523809524,0.28723809523809524,0.3045942720763723,0.27088305489260145,0.3788782816229117,0.14618138424821003,0.21569212410501193,0.07995226730310262,0.4006563245823389,0.06026252983293556,0.11515513126491647,0.2282219570405728
21,1971,0.4240506329113924,0.20042194092827004,0.23417721518987342,0.08860759493670886,0.07172995780590717,0.11181434599156118,0.5443037974683544,0.09282700421940929,0.17721518987341772,0.21518987341772153,0.28627605190719624,0.17852929610696028,0.32795910342115614,0.2080220212347621,0.16791191506095163,0.16712544239087693,0.5465985057019268,0.14274478961856074,0.406999606763665,0.26307510813999213,0.2757427170464378,0.244014998557831,0.37842515142774735,0.16758004038073263,0.20594173637150273,0.08047303143928468,0.4035188924141909,0.06633977502163253,0.11796942601672916,0.23218921257571387
22,1972,0.36319612590799033,0.162227602905569,0.22518159806295399,0.07021791767554479,0.09200968523002422,0.07506053268765134,0.5980629539951574,0.07263922518159806,0.18401937046004843,0.22760290556900725,0.260386672151378,0.20279720279720279,0.3253805018510901,0.248868778280543,0.1616618675442205,0.16659810777457837,0.5619086795557384,0.14315096668037844,0.4146441793500617,0.2315919374742904,0.28291654112684544,0.25579993974088583,0.3937933112383248,0.17234106658632117,0.216932811087677,0.09310033142512805,0.4043386562217535,0.06507984332630311,0.12805061765592046,0.22356131364868936
23,1973,,,,,,,,,,,0.24287343215507412,0.18282022044849866,0.29418472063854045,0.17445838084378562,0.16343595591030027,0.12960851387305208,0.5492208285822882,0.10984416571645762,0.3956670467502851,0.26833903458760927,0.3093145869947276,0.23550087873462214,0.37609841827768015,0.16555360281195078,0.19929701230228472,0.08576449912126538,0.4094903339191564,0.06010544815465729,0.118804920913884,0.22952548330404218
24,1974,0.4247967479674797,0.12804878048780488,0.14227642276422764,0.03861788617886179,0.06910569105691057,0.07723577235772358,0.6280487804878049,0.046747967479674794,0.19308943089430894,0.2621951219512195,0.27883650952858574,0.14944834503510532,0.2296890672016048,0.16449348044132397,0.13373453694416584,0.15312604480106987,0.5974590437980608,0.07054496823804747,0.4680708793045804,0.25309261116683385,0.2974484445997903,0.23138762670394966,0.38273331003145755,0.16148199930094373,0.1988815099615519,0.07584760573226144,0.41698706745893044,0.0576721426074799,0.1212862635442153,0.21810555749737853
25,1975,0.3883495145631068,0.11407766990291263,0.279126213592233,0.11893203883495146,0.07281553398058252,0.055825242718446605,0.5509708737864077,0.08980582524271845,0.11893203883495146,0.16747572815533981,0.27039448487169665,0.14592110302566066,0.21754117196476447,0.13289927230945997,0.10340865568747606,0.1378782075833014,0.6108770585982383,0.06855610877058599,0.4772117962466488,0.2880122558406741,0.2777242044358727,0.24815171970427516,0.3998714239794278,0.1912568306010929,0.20957891353262617,0.08421729347476696,0.381870781099325,0.07360977177756349,0.10736097717775635,0.2301510768241723
26,1976,0.3970856102003643,0.20218579234972678,0.26958105646630237,0.1092896174863388,0.10564663023679417,0.061930783242258654,0.5737704918032787,0.07468123861566485,0.17122040072859745,0.1930783242258652,0.2619734564339296,0.12031159838430468,0.22215810732833238,0.1984997114829775,0.11367570686670514,0.17599538372763993,0.654068090017311,0.0830929024812464,0.5435660703981535,0.28649740334679746,0.30033557046979864,0.24765100671140938,0.3889261744966443,0.1714765100671141,0.2134228187919463,0.08456375838926175,0.4083892617449664,0.0697986577181208,0.13154362416107382,0.22718120805369127
27,1977,0.41843971631205673,0.1702127659574468,0.22695035460992907,0.08333333333333333,0.0851063829787234,0.06560283687943262,0.6631205673758865,0.0673758865248227,0.20035460992907803,0.21631205673758866,0.2537532039545954,0.1351153423654339,0.27242768216770413,0.1878432808495057,0.14134016843647015,0.12559502013914317,0.5693885023800805,0.10325887953130722,0.44306114976199196,0.23471255950201392,0.27825229960578185,0.23291721419185282,0.37582128777923784,0.17509855453350853,0.18725361366622864,0.07982917214191852,0.41392904073587383,0.06373193166885677,0.1304204993429698,0.25098554533508544
28,1978,0.37790697674418605,0.15310077519379844,0.25193798449612403,0.10077519379844961,0.06782945736434108,0.06976744186046512,0.5794573643410853,0.03875968992248062,0.16666666666666666,0.20930232558139536,0.23859432799013564,0.14334155363748458,0.27311960542540076,0.2000616522811344,0.12885326757090013,0.19482120838471023,0.5292848335388409,0.08446362515413071,0.4133785450061652,0.22595561035758324,0.28984111699566684,0.22075108329321136,0.3529128550794415,0.1608088589311507,0.1875300914780934,0.08883004333172845,0.4287433798748195,0.06234954260953298,0.14130958112662495,0.25180548868560426
29,1979,0.39552238805970147,0.19154228855721392,0.236318407960199,0.05223880597014925,0.1044776119402985,0.04975124378109453,0.6393034825870647,0.04477611940298507,0.14427860696517414,0.20149253731343283,0.25239167135621837,0.14969048958919529,0.22144063027574565,0.16657287563308948,0.15081598199212154,0.11339335959482273,0.5970737197523917,0.07794034890264491,0.46933033202025887,0.2281935846933033,0.2939938481463494,0.22535211267605634,0.35356969402622634,0.16545248502509308,0.18164157357940747,0.08725918730775457,0.4283632831471588,0.06621337218714586,0.12449409098267768,0.22648534887485836
30,1980,0.41102756892230574,0.22055137844611528,0.19548872180451127,0.06766917293233082,0.12781954887218044,0.05513784461152882,0.6165413533834586,0.03508771929824561,0.16040100250626566,0.2556390977443609,0.15770058407623733,0.14325238241623117,0.30003074085459575,0.19059329849369813,0.15001537042729787,0.11005225945281279,0.47709806332616045,0.08607439286812173,0.3320012296341838,0.27021211189671074,0.29715911433637077,0.2155609615305323,0.348039417803983,0.1559394714055993,0.1743289489960005,0.08906114707458872,0.4392033975178328,0.05970395415000206,0.12691213458128892,0.21300457675339132
31,1981,,,,,,,,,,,0.21977214259463432,0.17420066152149946,0.32598309445056967,0.21977214259463432,0.15031238515251746,0.18118338846012497,0.5031238515251746,0.08967291436971701,0.3877251010657846,0.30099228224917307,0.2768566886213945,0.21144674085850557,0.3468089938678174,0.1676129911424029,0.16988416988416988,0.09425391778332955,0.4333409039291392,0.06427435839200545,0.13377242789007496,0.22280263456734045
32,1982,0.3775322283609576,0.17863720073664824,0.292817679558011,0.09944751381215469,0.08287292817679558,0.06998158379373849,0.5027624309392266,0.049723756906077346,0.17679558011049723,0.23756906077348067,0.21740827478532396,0.1647150663544106,0.25253708040593287,0.17096018735362997,0.1526151444184231,0.11592505854800937,0.5644028103044496,0.07103825136612021,0.42896174863387976,0.25878220140515223,0.2881055533674675,0.21130366285939345,0.3578180385978732,0.18196140212682158,0.17861362741236708,0.08842063804647499,0.4186687672311934,0.06577392674281213,0.1270185112248917,0.2229224103977944
33,1983,0.34913112164297,0.16429699842022116,0.25118483412322273,0.10742496050552923,0.09004739336492891,0.045813586097946286,0.5560821484992101,0.061611374407582936,0.15323854660347552,0.20537124802527645,0.25488342785129176,0.147763074984247,0.32136105860113423,0.19155639571518587,0.16068052930056712,0.11846250787649654,0.5135475740390675,0.08727158160050409,0.3827977315689981,0.24039067422810334,0.26224719101123595,0.22808988764044943,0.35483146067415733,0.17752808988764046,0.18808988764044943,0.09662921348314607,0.43280898876404494,0.06943820224719101,0.13820224719101123,0.24022471910112358
34,1984,0.41312056737588654,0.1702127659574468,0.24113475177304963,0.09219858156028368,0.08687943262411348,0.0851063829787234,0.6347517730496454,0.06560283687943262,0.2553191489361702,0.26595744680851063,0.21218487394957983,0.1983793517406963,0.32262905162064826,0.20828331332533012,0.148859543817527,0.15396158463385354,0.4597839135654262,0.10504201680672269,0.35114045618247297,0.27581032412965184,0.2833136094674556,0.22603550295857988,0.3476923076923077,0.16923076923076924,0.17420118343195265,0.0970414201183432,0.4362130177514793,0.05680473372781065,0.13136094674556212,0.2404733727810651
35,1985,0.35698924731182796,0.1935483870967742,0.22795698924731184,0.12473118279569892,0.11182795698924732,0.08817204301075268,0.610752688172043,0.05591397849462366,0.1913978494623656,0.2817204301075269,0.26387249114521844,0.18181818181818182,0.2511806375442739,0.16086186540731995,0.15731995277449823,0.17916174734356552,0.5667060212514758,0.07821723730814639,0.4049586776859504,0.2798110979929162,0.2793776126335346,0.2368787738039944,0.3718067812354854,0.19043195541105434,0.1774268462610311,0.08569437993497446,0.42498838829540175,0.07454714352066884,0.12726428239665583,0.23641430562006502
36,1986,0.35609756097560974,0.1951219512195122,0.2780487804878049,0.12682926829268293,0.13170731707317074,0.05365853658536585,0.5756097560975609,0.06341463414634146,0.21951219512195122,0.23902439024390243,0.22131147540983606,0.2034543325526932,0.3202576112412178,0.2069672131147541,0.19057377049180327,0.12353629976580796,0.5298594847775175,0.13173302107728338,0.3940281030444965,0.20433255269320844,0.27147631216827206,0.23373304501670925,0.3715352860231964,0.17711814428936504,0.18832317672498525,0.087281305287989,0.4080990760762728,0.06487124041674858,0.11971692549636329,0.21702378612148615
37,1987,0.41909814323607425,0.1856763925729443,0.27586206896551724,0.09814323607427056,0.11936339522546419,0.08488063660477453,0.5437665782493368,0.09283819628647215,0.21750663129973474,0.20954907161803712,0.2445468509984639,0.17112135176651305,0.2697388632872504,0.18033794162826422,0.15729646697388633,0.10445468509984639,0.5336405529953917,0.08970814132104454,0.4,0.2519201228878648,0.26410306461057975,0.240679289478821,0.3753659964864337,0.18641421042357995,0.18992777669334374,0.08822955299629123,0.4106968573101698,0.07554167479992192,0.1280499707202811,0.21979308998633612
38,1988,0.3798767967145791,0.20123203285420946,0.2587268993839836,0.09240246406570841,0.11909650924024641,0.08418891170431211,0.5605749486652978,0.0513347022587269,0.17864476386036962,0.23613963039014374,0.21532326972372542,0.2090572486471091,0.3013386499572771,0.2193107376815722,0.18655653659925947,0.1461122187410994,0.5311876958131586,0.1352890914269439,0.40843064653944744,0.2691540871546568,0.2866713681241185,0.2431241184767278,0.3730606488011283,0.1777150916784203,0.19746121297602257,0.09661495063469676,0.421015514809591,0.07810296191819464,0.14016220028208745,0.22478843441466856
39,1989,,,,,,,,,,,0.222,0.16525,0.28425,0.19575,0.1605,0.1165,0.54825,0.10925,0.41525,0.2275,0.2649953574744661,0.23361188486536677,0.37418755803156917,0.17103064066852366,0.20278551532033426,0.09266480965645311,0.4200557103064067,0.0776230269266481,0.13333333333333333,0.22952646239554317
40,1990,0.38819875776397517,0.15527950310559005,0.17391304347826086,0.07763975155279502,0.08074534161490683,0.08074534161490683,0.5652173913043478,0.046583850931677016,0.2080745341614907,0.27639751552795033,0.19294856314899783,0.1832890606133784,0.2955807775899541,0.18908476213475006,0.19270707558560735,0.10504709007486114,0.5283747886983821,0.12871287128712872,0.3750301859454238,0.19777831441680754,0.2845060284326075,0.24473636854417852,0.3815008097894547,0.17797372683102394,0.19938815907863955,0.09573510887169336,0.4093935576750045,0.08043908583768221,0.1457621018535181,0.2301601583588267
41,1991,0.40487804878048783,0.2048780487804878,0.25609756097560976,0.08780487804878048,0.13902439024390245,0.05121951219512195,0.5975609756097561,0.041463414634146344,0.20243902439024392,0.2146341463414634,0.26772908366533865,0.1450199203187251,0.24594953519256307,0.1598937583001328,0.12563081009296148,0.1049136786188579,0.5843293492695883,0.08233731739707835,0.45152722443559096,0.26746347941567067,0.2913982569154983,0.24971580143993938,0.3764683592269799,0.18491852974611594,0.1991284577491474,0.09226979916635089,0.40526714664645697,0.07730200833649109,0.1479727169382342,0.23626373626373626
42,1992,0.3504273504273504,0.16025641025641027,0.25213675213675213,0.09401709401709402,0.1111111111111111,0.05555555555555555,0.49786324786324787,0.05128205128205128,0.14957264957264957,0.2606837606837607,0.24757505773672056,0.14249422632794456,0.2775981524249423,0.16489607390300232,0.13210161662817552,0.10946882217090069,0.5762124711316398,0.10138568129330254,0.44041570438799077,0.2441108545034642,0.2865616690529761,0.2434035590100225,0.37165064430353856,0.17610963387195747,0.20494988750255677,0.09367968909797504,0.41235426467580283,0.08938433217426876,0.1386786663939456,0.22990386582123135
43,1993,,,,,,,,,,,0.22293986636971047,0.1935412026726058,0.33006681514476616,0.188641425389755,0.20289532293986637,0.11826280623608018,0.5037861915367483,0.1289532293986637,0.36570155902004453,0.22538975501113587,0.3045437476530229,0.24708974840405556,0.3507322568531731,0.17292527224934284,0.19564401051445737,0.10007510326699211,0.4140067592940293,0.06928276380022531,0.14325948178745776,0.22268118663161848
44,1994,0.3826219512195122,0.16158536585365854,0.25,0.11128048780487805,0.11890243902439024,0.09908536585365854,0.5487804878048781,0.057926829268292686,0.17682926829268292,0.23628048780487804,0.22997416020671835,0.1954595791805094,0.37504614248800294,0.20616463639719454,0.2172388335179033,0.08656330749354005,0.4859726836471023,0.1421188630490956,0.3359173126614987,0.1786637135474345,0.2850369808458183,0.2564005310070169,0.3641190972880713,0.18054238573866868,0.20216195714014792,0.1027877868386118,0.4303053290347051,0.08325431443201214,0.152285226626209,0.2281433718945572
45,1995,0.3554140127388535,0.19363057324840766,0.30318471337579617,0.11847133757961784,0.11337579617834395,0.08917197452229299,0.5248407643312102,0.06878980891719745,0.1859872611464968,0.22038216560509555,0.2356475300400534,0.159768580329328,0.2630173564753004,0.16355140186915887,0.16154873164218958,0.14508233199821985,0.5738762794837561,0.1043613707165109,0.4187805963506898,0.26702269692923897,0.26796240242153896,0.24199458339971325,0.36052254261589933,0.18113748606021984,0.19069619244862196,0.1054643938187032,0.377250278795603,0.08332005735223832,0.1486378843396527,0.29552333917476503
46,1996,0.3630769230769231,0.21846153846153846,0.31076923076923074,0.09230769230769231,0.16615384615384615,0.07846153846153846,0.5092307692307693,0.09692307692307692,0.1723076923076923,0.20461538461538462,0.23688118811881187,0.1702970297029703,0.3056930693069307,0.17846534653465346,0.15272277227722772,0.18836633663366337,0.5623762376237624,0.10866336633663366,0.43044554455445544,0.31584158415841584,0.2470739137405804,0.2275132275132275,0.33349366682700016,0.16642616642616642,0.1858265191598525,0.10101010101010101,0.35706269039602373,0.06990540323873658,0.1383678050344717,0.35353535353535354
47,1997,0.3946629213483146,0.14747191011235955,0.21910112359550563,0.0800561797752809,0.0997191011235955,0.09269662921348315,0.5997191011235955,0.06320224719101124,0.20786516853932585,0.2556179775280899,0.23158379373848986,0.1680478821362799,0.30686003683241253,0.17150092081031307,0.160451197053407,0.16275322283609575,0.5478821362799263,0.11602209944751381,0.3885819521178637,0.25,0.2850953206239168,0.23986135181975737,0.3665511265164645,0.1805892547660312,0.19774696707105718,0.10797227036395148,0.4209705372616984,0.0781629116117851,0.14974003466204505,0.2606585788561525
48,1998,0.3906911142454161,0.14950634696755993,0.24118476727785615,0.10860366713681241,0.1071932299012694,0.0846262341325811,0.5895627644569816,0.0691114245416079,0.21297602256699577,0.24823695345557123,0.20408602150537633,0.20129032258064516,0.3419354838709677,0.18021505376344085,0.20903225806451614,0.13182795698924732,0.4832258064516129,0.1378494623655914,0.3356989247311828,0.24838709677419354,0.2794290759270159,0.23837551500882873,0.37301353737492643,0.1783402001177163,0.20482636845203062,0.12831077104178928,0.4532077692760447,0.08210712183637434,0.1798116539140671,0.25309005297233667
49,1999,0.4250681198910082,0.16348773841961853,0.2220708446866485,0.09673024523160763,0.0776566757493188,0.0885558583106267,0.5735694822888283,0.0667574931880109,0.19618528610354224,0.22615803814713897,0.2534551417193722,0.1733427032091825,0.34551417193722184,0.19489341766221596,0.1829468259545561,0.15226048254860622,0.5029280862028578,0.1304755211993441,0.38065120637151556,0.2515811665495432,0.28486646884273,0.23709198813056379,0.3666172106824926,0.17566765578635016,0.19673590504451038,0.11676557863501484,0.44050445103857566,0.08041543026706231,0.17492581602373888,0.24228486646884273
50,2000,0.36255924170616116,0.15165876777251186,0.2381516587677725,0.11492890995260663,0.11255924170616113,0.12914691943127962,0.6327014218009479,0.058056872037914695,0.22748815165876776,0.28554502369668244,0.2459016393442623,0.14657666345226616,0.29026036644165865,0.18322082931533268,0.14368370298939248,0.13404050144648022,0.5388138862102217,0.08413693346190936,0.41513982642237224,0.2381870781099325,0.29033176705111774,0.2390716218140396,0.3566851772746689,0.17670511177559448,0.199345009255304,0.11305709810622241,0.4445393706393279,0.08173145379467464,0.1661683041435284,0.2473302007689022
51,2001,,,,,,,,,,,0.2470050098017861,0.20496623829231103,0.34349814855151384,0.2221738183402309,0.19886734916140275,0.12611631452842517,0.48638640818993684,0.13395774341102157,0.36985406229579615,0.23023306469178828,0.2854362262422716,0.2371193038699336,0.35814059995420194,0.1882299061140371,0.17838332951683078,0.10441950996107167,0.42832608197847494,0.07591023585985802,0.1542248683306618,0.23334096633844745
52,2002,0.38636363636363635,0.22933884297520662,0.27479338842975204,0.128099173553719,0.128099173553719,0.1115702479338843,0.5413223140495868,0.08677685950413223,0.18388429752066116,0.24793388429752067,0.23892825509300267,0.19619131975199292,0.3350310008857396,0.1937555358724535,0.1705048715677591,0.13086802480070858,0.5159433126660762,0.129096545615589,0.35761736049601417,0.2267493356953056,0.29742634214510305,0.24711773611272855,0.3735879818330034,0.19017118900663793,0.1925002911377664,0.10865261441714219,0.41970420402934666,0.08047047863048795,0.1537207406544777,0.24641900547339002
53,2003,0.357495881383855,0.2915980230642504,0.31795716639209226,0.1400329489291598,0.17462932454695224,0.07907742998352553,0.5205930807248764,0.085667215815486,0.171334431630972,0.2158154859967051,0.25520534861509075,0.1866284622731614,0.34021012416427887,0.19159503342884432,0.18930276981852914,0.12225405921680993,0.48672397325692457,0.14154727793696276,0.3237822349570201,0.22120343839541548,0.3021511985248924,0.23159188690842042,0.3563614013521819,0.19164105716041796,0.18635525507068224,0.11296865396435157,0.42765826674861707,0.07350952673632452,0.16472034419176398,0.24290104486785494
54,2004,0.3938879456706282,0.2071307300509338,0.28862478777589134,0.12054329371816638,0.13412563667232597,0.07979626485568761,0.5483870967741935,0.0730050933786078,0.1765704584040747,0.22071307300509338,0.21871599564744287,0.19390642002176278,0.37519042437431993,0.18585418933623504,0.229379760609358,0.16365614798694234,0.46528835690968445,0.15364526659412406,0.31273122959738847,0.24330794341675735,0.293054110301769,0.2472684703433923,0.3629032258064516,0.19068678459937566,0.20018210197710717,0.11095213319458896,0.43002081165452655,0.07700312174817898,0.1598595213319459,0.24479708636836628
55,2005,0.46507666098807493,0.19591141396933562,0.2402044293015332,0.09540034071550256,0.09540034071550256,0.07836456558773425,0.565587734241908,0.059625212947189095,0.20442930153321975,0.23339011925042588,0.22254616132167152,0.1880466472303207,0.3561710398445092,0.1912050534499514,0.23007774538386783,0.1477162293488824,0.4774052478134111,0.1455296404275996,0.3066083576287658,0.2261904761904762,0.2919368246051538,0.24788029925187033,0.3793848711554447,0.1921862011637573,0.20399002493765586,0.1168744804655029,0.429093931837074,0.08462177888611803,0.16425602660016625,0.26683291770573564
56,2006,0.3736434108527132,0.21085271317829457,0.3023255813953488,0.14418604651162792,0.15503875968992248,0.12403100775193798,0.5255813953488372,0.09612403100775194,0.19069767441860466,0.21085271317829457,0.24111349036402568,0.16680942184154177,0.35396145610278373,0.16124197002141327,0.19336188436830834,0.13340471092077089,0.46531049250535333,0.13447537473233404,0.26595289079229123,0.22612419700214131,0.28860223334616864,0.2480747015787447,0.37832113977666537,0.194358875625722,0.20244512899499423,0.1182133230650751,0.439449364651521,0.09202926453600307,0.1713515594917212,0.2548132460531382
57,2007,0.3719723183391003,0.25432525951557095,0.314878892733564,0.1453287197231834,0.15570934256055363,0.10380622837370242,0.5501730103806228,0.08131487889273356,0.19550173010380623,0.22837370242214533,0.21156462585034014,0.18412698412698414,0.38616780045351473,0.18639455782312925,0.22471655328798185,0.13854875283446713,0.47346938775510206,0.13786848072562358,0.29138321995464855,0.22448979591836735,0.2854159415245388,0.24295161851722938,0.3729550991994431,0.1827358162199791,0.1930038287504351,0.12060563870518622,0.44013226592412114,0.08562478245736165,0.16846501914375217,0.251131221719457
58,2008,0.41055718475073316,0.1598240469208211,0.23460410557184752,0.0747800586510264,0.12756598240469208,0.08944281524926687,0.5630498533724341,0.07771260997067449,0.18621700879765396,0.20381231671554254,0.20864707311148895,0.19042992470245323,0.3502550400777265,0.19965994656303132,0.19650230750546516,0.1777993684721885,0.4918630070439641,0.14282244352683993,0.32742288073840176,0.28370172455671605,0.2906593406593407,0.23296703296703297,0.3608058608058608,0.17106227106227107,0.19853479853479852,0.12362637362637363,0.4584249084249084,0.07527472527472527,0.1838827838827839,0.2591575091575092
59,2009,,,,,,,,,,,0.2258849557522124,0.19336283185840708,0.347787610619469,0.20442477876106194,0.19247787610619468,0.17212389380530974,0.4920353982300885,0.1433628318584071,0.3471238938053097,0.2535398230088496,0.2973255328040117,0.23443376514834935,0.3666945256999582,0.18303384872544923,0.1832427914751358,0.11617216882574175,0.4515252820727121,0.07647304638529043,0.1759297952361053,0.2601337233597994
60,2010,0.3429878048780488,0.15853658536585366,0.2759146341463415,0.12195121951219512,0.10518292682926829,0.0975609756097561,0.5365853658536586,0.07164634146341463,0.19207317073170732,0.2347560975609756,0.22164096916299558,0.1921806167400881,0.3397577092511013,0.19823788546255505,0.2026431718061674,0.15473568281938327,0.4972466960352423,0.13849118942731278,0.3532488986784141,0.2505506607929515,0.28350266086115145,0.2358490566037736,0.3669569424286405,0.18093855829704886,0.18311562651185292,0.1262699564586357,0.4564586357039187,0.07426221577164974,0.18480890179003387,0.2590711175616836
61,2011,0.3676190476190476,0.1523809523809524,0.24,0.09714285714285714,0.10476190476190476,0.10857142857142857,0.5904761904761905,0.06095238095238095,0.23809523809523808,0.2780952380952381,0.22154521082135023,0.2154521082135023,0.3297587131367292,0.19302949061662197,0.19083597367779673,0.1654886668291494,0.4991469656349013,0.12941749939068975,0.34755057275164514,0.2683402388496222,0.28183581124757595,0.24024994613229908,0.3882783882783883,0.187244128420599,0.18918336565395388,0.11893988364576599,0.42943331178625294,0.07563025210084033,0.17129928894634777,0.24024994613229908
62,2012,0.3510971786833856,0.15673981191222572,0.28213166144200624,0.11912225705329153,0.09717868338557993,0.05799373040752351,0.5250783699059561,0.05172413793103448,0.164576802507837,0.21473354231974923,0.20911330049261084,0.2061576354679803,0.3541871921182266,0.2332512315270936,0.19926108374384235,0.15788177339901477,0.5019704433497537,0.13768472906403942,0.3667487684729064,0.22413793103448276,0.2805704933364508,0.24994154781388825,0.3862520458265139,0.18868365676876314,0.1917231704465747,0.11199438859013328,0.43839139583820436,0.07739069441197101,0.17138180967968203,0.23287350946925414
63,2013,0.39206349206349206,0.15079365079365079,0.2492063492063492,0.09365079365079365,0.10158730158730159,0.08253968253968254,0.573015873015873,0.07777777777777778,0.1746031746031746,0.24126984126984127,0.2338454035601073,0.19970738844184346,0.3347963911241161,0.21653255303584493,0.1755669348939283,0.15362106803218728,0.5008534503779566,0.1063155327968788,0.3550353572299439,0.25213362594489147,0.2784142988084326,0.24587534372135655,0.37694775435380384,0.17919340054995417,0.19706691109074242,0.11778185151237397,0.44362969752520626,0.07218148487626032,0.17506874427131072,0.24725022914757103
64,2014,0.370253164556962,0.14715189873417722,0.2389240506329114,0.10917721518987342,0.08702531645569621,0.09335443037974683,0.5822784810126582,0.06962025316455696,0.19145569620253164,0.23734177215189872,0.2876606683804627,0.20591259640102827,0.3493573264781491,0.19562982005141388,0.18817480719794344,0.14113110539845758,0.49383033419023137,0.13187660668380463,0.2987146529562982,0.25398457583547557,0.2787151860134174,0.2583858507826794,0.39316934336247206,0.19617808497662126,0.20369993901199432,0.123195771498272,0.4240699329131937,0.07847123399064851,0.1709697092905062,0.23968286237040048
65,2015,0.3511705685618729,0.15719063545150502,0.23244147157190637,0.1020066889632107,0.11036789297658862,0.11371237458193979,0.5434782608695652,0.0802675585284281,0.16722408026755853,0.2408026755852843,0.23509841973939563,0.21042417521485998,0.35652897144441364,0.1863044080953701,0.23593013584696423,0.15192680898253397,0.4873856390352093,0.1305794288882728,0.33490435264762963,0.2722484058774605,0.2645286686103013,0.254421768707483,0.3819241982507289,0.19105928085519921,0.18969873663751216,0.12322643343051506,0.4328474246841594,0.08163265306122448,0.17123420796890185,0.23440233236151603
66,2016,0.3684210526315789,0.20676691729323307,0.23684210526315788,0.11842105263157894,0.15037593984962405,0.11842105263157894,0.5864661654135338,0.06015037593984962,0.21804511278195488,0.22932330827067668,0.2404233870967742,0.21799395161290322,0.3560987903225806,0.1844758064516129,0.17086693548387097,0.1280241935483871,0.5080645161290323,0.11693548387096774,0.31401209677419356,0.2265625,0.2570735650767987,0.24838318512530316,0.3819725141471301,0.17987065481002426,0.2047291835084883,0.15198059822150364,0.4147130153597413,0.08245755860953921,0.16410670978173,0.22776879547291834
67,2017,,,,,,,,,,,0.24339080459770115,0.22844827586206898,0.3968390804597701,0.18936781609195402,0.20660919540229886,0.13419540229885057,0.4330459770114943,0.14051724137931035,0.2623563218390805,0.1925287356321839,0.25847006179416154,0.22949073087577243,0.38014063498828043,0.1811208182399318,0.19603665033027914,0.16066481994459833,0.40571063285744724,0.08225015981248668,0.15789473684210525,0.21819731515022373
68,2018,0.3672014260249554,0.22281639928698752,0.30303030303030304,0.1532976827094474,0.14616755793226383,0.09803921568627451,0.5436720142602496,0.09982174688057041,0.22459893048128343,0.21212121212121213,0.19972733469665985,0.23994546693933197,0.4175187457396046,0.20449897750511248,0.26448534423994546,0.12406271301976823,0.43660531697341515,0.15439672801635992,0.28016359918200406,0.20995228357191548,0.28198019801980195,0.2510891089108911,0.3794059405940594,0.16,0.20653465346534652,0.15683168316831683,0.403960396039604,0.08693069306930692,0.15564356435643564,0.219009900990099
69,2019,0.3541666666666667,0.22395833333333334,0.2795138888888889,0.16145833333333334,0.1909722222222222,0.13541666666666666,0.5347222222222222,0.140625,0.2361111111111111,0.2517361111111111,0.20767195767195767,0.25066137566137564,0.45701058201058203,0.25132275132275134,0.3098544973544973,0.1550925925925926,0.39285714285714285,0.20205026455026456,0.24206349206349206,0.19907407407407407,0.2785151856017998,0.26366704161979754,0.39302587176602927,0.16670416197975252,0.21192350956130485,0.15275590551181104,0.38672665916760407,0.09673790776152981,0.15478065241844768,0.2078740157480315
70,2020,0.3688394276629571,0.23211446740858505,0.27344992050874406,0.13354531001589826,0.15262321144674085,0.10969793322734499,0.5548489666136724,0.12082670906200318,0.22575516693163752,0.2480127186009539,0.21414538310412573,0.24165029469548133,0.4151931892599869,0.2314996725605763,0.26162409954158483,0.13326784544859202,0.426981008513425,0.16994106090373282,0.28912901113294043,0.21872953503601833,0.2560777957860616,0.26580226904376014,0.4037971752720537,0.17943968511229452,0.18221810604306551,0.14818244964112062,0.38620050937717065,0.07571197036351007,0.13961565177124335,0.20189858763602686
71,2021,,,,,,,,,,,0.2281710384477183,0.21415738411785842,0.38663312971613367,0.21020481494789794,0.24326266618756737,0.169601149838304,0.4462809917355372,0.17678763923823212,0.31440891124685594,0.26302551203736974,0.24838227974116475,0.2675460428073668,0.3944748631159781,0.1836734693877551,0.19039323046291687,0.12518666002986562,0.42384270781483324,0.07939273270283723,0.15928322548531607,0.22100547536087606
72,2022,0.3782991202346041,0.17595307917888564,0.28152492668621704,0.13049853372434017,0.1158357771260997,0.09090909090909091,0.5542521994134897,0.0689149560117302,0.17302052785923755,0.25219941348973607,0.21411764705882352,0.19019607843137254,0.403921568627451,0.22196078431372548,0.20784313725490197,0.13333333333333333,0.43137254901960786,0.15294117647058825,0.2819607843137255,0.24941176470588236,0.24821063394683027,0.29933537832310836,0.41232106339468305,0.18634969325153375,0.21651329243353784,0.12091002044989775,0.39544989775051126,0.09406952965235174,0.15107361963190183,0.2195807770961145
73,2023,0.3437110834371108,0.17683686176836863,0.2901618929016189,0.1320049813200498,0.12702366127023662,0.0958904109589041,0.5118306351183064,0.0859277708592777,0.199252801992528,0.24408468244084683,0.24567343867569602,0.22761474793077502,0.41008276899924756,0.218209179834462,0.2524454477050414,0.1361926260346125,0.4510910458991723,0.2016553799849511,0.30662151993980435,0.23551542513167795,0.2528531574942937,0.28506213542987574,0.40147096119705805,0.1874207456251585,0.20314481359371037,0.12452447375095105,0.4146588891706822,0.09003296981993406,0.1585087496829825,0.21075323357849354
74,2024,0.3615676359039191,0.14285714285714285,0.2692793931731985,0.13274336283185842,0.1125158027812895,0.1213653603034134,0.5600505689001264,0.05941845764854614,0.23008849557522124,0.2402022756005057,0.22709867452135493,0.27746686303387336,0.4430044182621502,0.24477172312223858,0.2939617083946981,0.17025036818851252,0.4044182621502209,0.196759941089838,0.2815905743740795,0.24624447717231224,0.2557342472976536,0.2702346427629844,0.3923016082256789,0.17690482467703664,0.21882414974953862,0.15001318217769574,0.41022936989190617,0.0896388083311363,0.1674136567360928,0.21935143685736883
